<?xml version="1.0" encoding="UTF-8" standalone="yes"?>
<addon id="plugin.video.TDT-Spain"
       name="TDT SPAIN"
       version="0.10"
       provider-name="Magyc Team">
  <requires>
    <import addon="xbmc.python" version="2.1.0"/>
    <import addon="plugin.video.f4mTester"/>
  </requires>
  <extension point="xbmc.python.pluginsource"
            library="tv.py">
        <provides>video</provides>
  </extension>
  <extension point="xbmc.addon.metadata">
    <summary lang="en">TDT SPAIN</summary>
    <language>es</language>
    <description lang="en">Visualiza contenido de Television IPTV España procedente de internet. Requires F4M Tester</description>
     <platform>all</platform>
  </extension>
</addon>