<?xml version="1.0" encoding="UTF-8" standalone="yes"?>
<addon id="plugin.video.Sport.center"
       name="[COLOR orange]Sport Center[/COLOR]"
       version="2.19.01"
       provider-name="Iberika, Netai, DaQueenQueen, Titan">
  <requires>
    <import addon="plugin.video.youtube" /> 
	  <import addon="script.module.requests" />
    <import addon="script.module.resolveurl" />
    <import addon="script.module.six" />
  </requires>
  <extension point="xbmc.python.pluginsource" library="addon.py">
    <provides>video</provides>
  </extension>


  <extension point="xbmc.addon.metadata">
    <summary>Desarrollado Por Iberika, Netai, DaQueenQueen, Titan</summary>
    <description>Nosotros, ni nuestros usuarios alojamos ningun contenido en este addon. Todo el contenido proviene de sitios web publicos. Disponible para todo el mundo de forma publica y gratuita.</description>
	
    <disclaimer>[COLOR blue]Nosotros, ni nuestros usuarios alojamos ningun contenido en este addon. Todo el contenido proviene de sitios web publicos. Disponible para todo el mundo de forma publica y gratuita.[/COLOR]</disclaimer>
    <platform>all</platform>
	  <assets>
		<icon>icon.png</icon>
		<fanart>fanart.jpg</fanart>
	  </assets>

  </extension>
</addon>
