<?xml version="1.0" encoding="UTF-8" standalone="yes"?>
<addon id="plugin.program.Netai" name="NETAI [COLOR gold]WIZARDS[/COLOR]" version="1.6" provider-name="Netai">
  <requires>
    <import addon="xbmc.python" version="2.1.0"/>
  </requires>
  <extension point="xbmc.python.pluginsource" library="default.py">
    <provides>executable</provides>
  </extension>
  <extension point="xbmc.service" library="startup.py" start="startup" />
  <extension point="xbmc.addon.metadata">
    <summary lang="en">Netai [COLOR gold]WIZARDS[/COLOR]</summary>
    <description lang="en">Addon instalador de los wizards Netai para Kodi 17 y 18
Fuente: https://netai.eu/netai
Telegram: https://t.me/OficialNetai
Grupo de soporte: https://t.me/joinchat/AAAAAE2GdVTL4ROaFnwGjA</description>
    <platform>all</platform>
  </extension>
</addon>